{
    "openapi": "3.0.0",
    "info": {
        "title": "API توثيق مشروعك",
        "description": "شرح مختصر للـ API",
        "version": "1.0.0"
    },
    "paths": {
        "/api/login": {
            "post": {
                "tags": [
                    "Authentication"
                ],
                "summary": "Login user and get token",
                "operationId": "44212a9096e4b09358281e9ec8a0701d",
                "requestBody": {
                    "required": true,
                    "content": {
                        "application/json": {
                            "schema": {
                                "required": [
                                    "phone",
                                    "password"
                                ],
                                "properties": {
                                    "phone": {
                                        "type": "string",
                                        "example": "0599999999"
                                    },
                                    "password": {
                                        "type": "string",
                                        "example": "password"
                                    }
                                },
                                "type": "object"
                            }
                        }
                    }
                },
                "responses": {
                    "200": {
                        "description": "Successful login",
                        "content": {
                            "application/json": {
                                "schema": {
                                    "properties": {
                                        "token": {
                                            "type": "string"
                                        }
                                    },
                                    "type": "object"
                                }
                            }
                        }
                    },
                    "422": {
                        "description": "Validation error"
                    }
                }
            }
        },
        "/api/profile": {
            "get": {
                "tags": [
                    "Profile"
                ],
                "summary": "عرض بيانات المستخدم",
                "operationId": "ede45b19680d6fb1319013a741a05734",
                "responses": {
                    "200": {
                        "description": "User profile data"
                    }
                },
                "security": [
                    {
                        "sanctum": []
                    }
                ]
            }
        }
    },
    "tags": [
        {
            "name": "Authentication",
            "description": "Authentication"
        },
        {
            "name": "Profile",
            "description": "Profile"
        }
    ]
}